Titles,Links
Perfect - Ed Sheeran (Lyrics),https://www.youtube.com/watch?v=UDDMYw_IZnE
Photograph - Ed Sheeran (Lyrics),https://www.youtube.com/watch?v=qgmXPCX4VzU
Supermarket Flowers - Ed Sheeran [Lyric],https://www.youtube.com/watch?v=BaKwRXMoL1Q
Dive - Ed Sheeran (Lyrics),https://www.youtube.com/watch?v=wqfCbcUrWuw
Happier - Ed Sheeran [Lyric],https://www.youtube.com/watch?v=zWQN7u6g62c
Photograph - Ed Sheeran ( Lyrics Video ),https://www.youtube.com/watch?v=z0VWNMpW4DI
Perfect ed Sheeran song with lyrics,https://www.youtube.com/watch?v=3A5phMZYGuk
Supermarket flower-Ed sheeran(lyrics),https://www.youtube.com/watch?v=eYbnef_8CUY
Ed Sheeran - Thinking Out Load (Lyric),https://www.youtube.com/watch?v=0xsAJuxHH3A
"Pop Hits 2020 - Maroon 5, Ed Sheeran, Adele, Taylor Swift, Sam Smith, Ariana Grande",https://www.youtube.com/watch?v=OfCbzKtklc0
Ed Sheeran - Thinking Out Loud (Lyrics),https://www.youtube.com/watch?v=hTbeVXuWyaU
The Best Of Ed Sheeran | Nonstop,https://www.youtube.com/watch?v=-MBycxb3D-g
Ed Sheeran - How Would You Feel [Lyrics],https://www.youtube.com/watch?v=zHNyp-3ELO8
Happier   Ed Sheeran Lyric,https://www.youtube.com/watch?v=gNIJ8gPHbZQ
PERFECT - Ed Sheeran - EMMA HEESTERS & KHS COVER (Lyrics),https://www.youtube.com/watch?v=OU5KsjRUzP4
Dive - Ed Sheeran [Lyric],https://www.youtube.com/watch?v=LiM7QGy0BSI
"Pop Hits 2020 - Top 40 Popular Songs | Maroon 5, Ed Sheeran, Adele, Taylor Swift, Ariana Grande",https://www.youtube.com/watch?v=V090GytkSCo
Sugar - Maroon 5 (Lyrics),https://www.youtube.com/watch?v=Ek-ZpYPU4JA
